워라밸,1780,3534,2639,NNG,*,T,워라밸,*,*,*,*,*
dt,1780,3533,2639,NNG,*,F,dt,*,*,*,*,*
d/t,1780,3533,2639,NNG,*,F,d/t,*,*,*,*,*
dt총괄,1780,3534,2639,NNG,*,T,dt총괄,*,*,*,*,*
dt 총괄,1780,3534,2639,NNG,*,T,dt 총괄,*,*,*,*,*
총괄,1780,3534,2617,NNG,*,T,총괄,*,*,*,*,*
digital transformation,1780,3534,2639,NNG,*,T,digital transformation,*,*,*,*,*
deep change,1780,3533,2639,NNG,*,F,deep change,*,*,*,*,*
deepchange,1780,3533,2639,NNG,*,F,deepchange,*,*,*,*,*
happy hour,1780,3533,2639,NNG,*,F,happy hour,*,*,*,*,*
해피 아워,1780,3533,2639,NNG,*,F,해피 아워,*,*,*,*,*
해피아워,1780,3533,2639,NNG,*,F,해피아워,*,*,*,*,*
comm,1780,3534,2639,NNG,*,T,comm,*,*,*,*,*
comm.,1780,3534,2639,NNG,*,T,comm.,*,*,*,*,*
mbwa,1780,3533,2639,NNG,*,F,mbwa,*,*,*,*,*
캔미팅,1780,3534,2639,NNG,*,T,캔미팅,*,*,*,*,*
can meeting,1780,3534,2639,NNG,*,T,can meeting,*,*,*,*,*
fu,1780,3534,2639,NNG,*,T,fu,*,*,*,*,*
f/u,1780,3534,2639,NNG,*,T,f/u,*,*,*,*,*
모니터링,1780,3534,2639,NNG,*,T,모니터링,*,*,*,*,*
dw,1780,3533,2639,NNG,*,F,dw,*,*,*,*,*
d/w,1780,3533,2639,NNG,*,F,d/w,*,*,*,*,*
vwbe,1780,3533,2639,NNG,*,F,vwbe,*,*,*,*,*
supex,1780,3533,2639,NNG,*,F,supex,*,*,*,*,*
수펙스,1780,3533,2639,NNG,*,F,수펙스,*,*,*,*,*
tm,1780,3534,2639,NNG,*,T,tm,*,*,*,*,*
top,1780,3534,2639,NNG,*,T,top,*,*,*,*,*
탑,1780,3534,2342,NNG,*,T,탑,*,*,*,*,*
its,1780,3533,2639,NNG,*,F,its,*,*,*,*,*
bottom up,1780,3534,2639,NNG,*,T,bottom up,*,*,*,*,*
top down,1780,3534,2639,NNG,*,T,top down,*,*,*,*,*
의사결정,1780,3534,2639,NNG,*,T,의사결정,*,*,*,*,*
의사 결정,1780,3534,2639,NNG,*,T,의사 결정,*,*,*,*,*
self design,1780,3534,2639,NNG,*,T,self design,*,*,*,*,*
self-design,1780,3534,2639,NNG,*,T,self-design,*,*,*,*,*
딜리버리,1780,3533,3306,NNG,*,F,딜리버리,*,*,*,*,*
delivery,1780,3533,2639,NNG,*,F,delivery,*,*,*,*,*
pt,1780,3533,2639,NNG,*,F,pt,*,*,*,*,*
장표,1780,3533,2639,NNG,*,F,장표,*,*,*,*,*
kpi,1780,3533,2639,NNG,*,F,kpi,*,*,*,*,*
hr,1780,3534,2639,NNG,*,T,hr,*,*,*,*,*
h/r,1780,3534,2639,NNG,*,T,h/r,*,*,*,*,*
기업문화,1780,3533,2639,NNG,*,F,기업문화,*,*,*,*,*
하이닉스,1780,3533,2639,NNG,*,F,하이닉스,*,*,*,*,*
이노베이션,1780,3534,2639,NNG,*,T,이노베이션,*,*,*,*,*
skt,1780,3533,2639,NNG,*,F,skt,*,*,*,*,*
bm,1780,3534,2639,NNG,*,T,bm,*,*,*,*,*
pm,1780,3534,2639,NNG,*,T,pm,*,*,*,*,*
프로젝트,1780,3533,2389,NNG,*,F,프로젝트,*,*,*,*,*
pjt,1780,3533,2639,NNG,*,F,pjt,*,*,*,*,*
rm,1780,3534,2639,NNG,*,T,rm,*,*,*,*,*
r/m,1780,3534,2639,NNG,*,T,r/m,*,*,*,*,*
culture,1780,3533,2639,NNG,*,F,culture,*,*,*,*,*
cs,1780,3533,2639,NNG,*,F,cs,*,*,*,*,*
c/s,1780,3533,2639,NNG,*,F,c/s,*,*,*,*,*
culture survey,1780,3533,2639,NNG,*,F,culture survey,*,*,*,*,*
컬처 서베이,1780,3533,2639,NNG,*,F,컬처 서베이,*,*,*,*,*
컬쳐 서베이,1780,3533,2639,NNG,*,F,컬쳐 서베이,*,*,*,*,*
idp,1780,3533,2639,NNG,*,F,idp,*,*,*,*,*
역량개발,1780,3534,2639,NNG,*,T,역량개발,*,*,*,*,*
스탭,1780,3534,2637,NNG,*,T,스탭,*,*,*,*,*
스텝,1780,3534,2632,NNG,*,T,스텝,*,*,*,*,*
경영지원,1780,3534,2639,NNG,*,T,경영지원,*,*,*,*,*
skcc,1780,3533,2639,NNG,*,F,skcc,*,*,*,*,*
sk cc,1780,3533,2639,NNG,*,F,sk cc,*,*,*,*,*
sk cnc,1780,3533,2639,NNG,*,F,sk cnc,*,*,*,*,*
sk c&c,1780,3533,2639,NNG,*,F,sk c&c,*,*,*,*,*
ski,1780,3533,2639,NNG,*,F,ski,*,*,*,*,*
텔레콤,1780,3534,1911,NNG,*,T,텔레콤,*,*,*,*,*
skh,1780,3533,2639,NNG,*,F,skh,*,*,*,*,*
플래닛,1780,3534,2639,NNG,*,T,플래닛,*,*,*,*,*
skp,1780,3533,2639,NNG,*,F,skp,*,*,*,*,*
skc,1780,3533,2639,NNG,*,F,skc,*,*,*,*,*
홀딩스,1780,3533,2639,NNG,*,F,홀딩스,*,*,*,*,*
sk 주식회사,1780,3533,2639,NNG,*,F,sk 주식회사,*,*,*,*,*
sk주식회사,1780,3533,2639,NNG,*,F,sk주식회사,*,*,*,*,*
sk홀딩스,1780,3533,2639,NNG,*,F,sk홀딩스,*,*,*,*,*
sk주식회사 c&c,1780,3533,2639,NNG,*,F,sk주식회사 c&c,*,*,*,*,*
sk 주식회사 c&c,1780,3533,2639,NNG,*,F,sk 주식회사 c&c,*,*,*,*,*
sk주식회사 cc,1780,3533,2639,NNG,*,F,sk주식회사 cc,*,*,*,*,*
sk주식회사cc,1780,3533,2639,NNG,*,F,sk주식회사cc,*,*,*,*,*
selfdesign,1780,3534,2639,NNG,*,T,selfdesign,*,*,*,*,*
경영협의회,1780,3533,2639,NNG,*,F,경영협의회,*,*,*,*,*
경영 협의회,1780,3533,2639,NNG,*,F,경영 협의회,*,*,*,*,*
사업대표,1780,3533,2639,NNG,*,F,사업대표,*,*,*,*,*
현장경영,1780,3534,2639,NNG,*,T,현장경영,*,*,*,*,*
gtm,1780,3534,2639,NNG,*,T,gtm,*,*,*,*,*
vdi,1780,3533,2639,NNG,*,F,vdi,*,*,*,*,*
cloud-z,1780,3533,2639,NNG,*,F,cloud-z,*,*,*,*,*
cloudz,1780,3533,2639,NNG,*,F,cloudz,*,*,*,*,*
cloud z,1780,3533,2639,NNG,*,F,cloud z,*,*,*,*,*
cloud-edge,1780,3533,2639,NNG,*,F,cloud-edge,*,*,*,*,*
cloudedge,1780,3533,2639,NNG,*,F,cloudedge,*,*,*,*,*
cloud edge,1780,3533,2639,NNG,*,F,cloud edge,*,*,*,*,*
클라우드,1780,3533,2639,NNG,*,F,클라우드,*,*,*,*,*
사내 시스템,1780,3534,2639,NNG,*,T,사내 시스템,*,*,*,*,*
사내시스템,1780,3534,2639,NNG,*,T,사내시스템,*,*,*,*,*
단기 성과,1780,3533,2639,NNG,*,F,단기 성과,*,*,*,*,*
단기성과,1780,3533,2639,NNG,*,F,단기성과,*,*,*,*,*
watson,1780,3534,2639,NNG,*,T,watson,*,*,*,*,*
왓슨,1780,3534,2140,NNG,*,T,왓슨,*,*,*,*,*
유심포니,1780,3533,2639,NNG,*,F,유심포니,*,*,*,*,*
선거운동,1780,3534,2639,NNG,*,T,선거운동,*,*,*,*,*
연봉체계,1780,3533,2639,NNG,*,F,연봉체계,*,*,*,*,*
포괄 임금제,1780,3533,2639,NNG,*,F,포괄 임금제,*,*,*,*,*
포괄임금제,1780,3533,2639,NNG,*,F,포괄임금제,*,*,*,*,*
장기 투자,1780,3533,2639,NNG,*,F,장기 투자,*,*,*,*,*
장기투자,1780,3533,2639,NNG,*,F,장기투자,*,*,*,*,*
구성원 의사,1780,3533,2639,NNG,*,F,구성원 의사,*,*,*,*,*
스마트워크,1780,3533,2639,NNG,*,F,스마트워크,*,*,*,*,*
스마트 워크,1780,3533,2639,NNG,*,F,스마트 워크,*,*,*,*,*
smartwork,1780,3533,2639,NNG,*,F,smartwork,*,*,*,*,*
여유시간,1780,3534,2639,NNG,*,T,여유시간,*,*,*,*,*
여유 시간,1780,3534,2639,NNG,*,T,여유 시간,*,*,*,*,*
우리 회사,1780,3533,2639,NNG,*,F,우리 회사,*,*,*,*,*
우리회사,1780,3533,2639,NNG,*,F,우리회사,*,*,*,*,*
외부 사이트,1780,3533,2639,NNG,*,F,외부 사이트,*,*,*,*,*
외부사이트,1780,3533,2639,NNG,*,F,외부사이트,*,*,*,*,*
전사공지,1780,3533,2639,NNG,*,F,전사공지,*,*,*,*,*
전사 공지,1780,3533,2639,NNG,*,F,전사 공지,*,*,*,*,*
점심시간,1780,3534,2542,NNG,*,T,점심시간,*,*,*,*,*
점심 시간,1780,3534,2639,NNG,*,T,점심 시간,*,*,*,*,*
제조사업,1780,3534,2639,NNG,*,T,제조사업,*,*,*,*,*
전략사업,1780,3534,2639,NNG,*,T,전략사업,*,*,*,*,*
금융사업,1780,3534,2639,NNG,*,T,금융사업,*,*,*,*,*
its사업,1780,3534,2639,NNG,*,T,its사업,*,*,*,*,*
its 사업,1780,3534,2639,NNG,*,T,its 사업,*,*,*,*,*
물류서비스사업,1780,3534,2639,NNG,*,T,물류서비스사업,*,*,*,*,*
물류/서비스사업,1780,3534,2639,NNG,*,T,물류/서비스사업,*,*,*,*,*
업무체계,1780,3533,2639,NNG,*,F,업무체계,*,*,*,*,*
업무 체계,1780,3533,2639,NNG,*,F,업무 체계,*,*,*,*,*
